{
  "code": 200,
  "data": {
    "centerstreaminData": [
      4333,
      1129,
      169,
      189,
      509,
      1065,
      3495,
      4669
    ],
    "position": [
      108.94570350647,
      34.2222708428423
    ],
    "radius": 780.916099145669
  },
  "msg": "success"
}
